{
  "vector_size": 122,
  "baseline_mean": [
    0.018306528373503914,
    0.008861389142121995,
    0.008861389142121995,
    0.014284829301231691,
    0.01381508381421701,
    0.03996772513231475,
    0.008041765788256664,
    0.026538241045742483,
    0.013012832838086626,
    0.02917042708733457,
    0.027913843801466186,
    0.012218013429202777,
    0.04181528948441028,
    0.01686386566916405,
    0.011512635092653996,
    0.027737713053123073,
    0.009850792924193516,
    0.01705695962769102,
    0.011926118204123459,
    0.011376679348548111,
    0.027867250778855764,
    0.009118675765636443,
    0.019237654636818,
    0.01486706340403907,
    0.011449543327238056,
    0.021075392360327745,
    0.014802054392359997,
    0.014802054392359997,
    0.008540813584164818,
    0.016119004967721604,
    0.015418005614383931,
    0.01425556220221298,
    0.009504852478578657,
    0.009884600389564279,
    0.009884600389564279,
    0.01544943794930911,
    0.062076139945152174,
    0.011352386171742654,
    0.009504852478578657,
    0.06169344958282553,
    0.00924328445841176,
    0.009893461332506421,
    0.014793502421327542,
    0.026129025557620967,
    0.014007137628496754,
    0.025256961331007754,
    0.009812745952931521,
    0.012831316520231676,
    0.008540813584164818,
    0.008540813584164818,
    0.008041765788256664,
    0.008041765788256664,
    0.011294903846486994,
    0.014821316630055193,
    0.015177337167238595,
    0.00924328445841176,
    0.00924328445841176,
    0.051220065791920726,
    0.009504852478578657,
    0.009504852478578657,
    0.013573483255366404,
    0.017867625473108474,
    0.013573483255366404,
    0.008934229665631309,
    0.02325507915755528,
    0.008433240293562716,
    0.020590833183104184,
    0.013573483255366404,
    0.0116445102523102,
    0.013593417649659028,
    0.015221499574853505,
    0.03762416964442654,
    0.014896385582597985,
    0.020960948484350275,
    0.009884600389564279,
    0.01078246492983247,
    0.01078246492983247,
    0.015475009137037934,
    0.015462531398492449,
    0.010835666988404276,
    0.010835666988404276,
    0.023198385057754102,
    0.012140586194996607,
    0.014458081915472222,
    0.009830170844790674,
    0.009893461332506421,
    0.009893461332506421,
    0.01025447071713719,
    0.010570341384946197,
    0.010570341384946197,
    0.043586175730483866,
    0.014902037643378723,
    0.010625008345793208,
    0.008433240293562716,
    0.03418882753517084,
    0.009830170844790674,
    0.02513971138603236,
    0.017046639364306428,
    0.018689119719901788,
    0.010883638129084706,
    0.011583633180315528,
    0.01086091850415662,
    0.00948397814055123,
    0.00948397814055123,
    0.018075450307762444,
    0.00860389286089904,
    0.010625008345793208,
    0.021818990067593358,
    0.013012832838086626,
    0.01448195362055266,
    0.00924328445841176,
    0.012194475091525443,
    0.014431302832215557,
    0.013045776500974268,
    0.07828096458416806,
    0.021729042696735423,
    0.011449543327238056,
    0.019026448332027834,
    0.009812745952931521,
    0.08996862786087577,
    0.014718834238691747,
    0.012218013429202777
  ],
  "created_at": "2026-02-10T16:23:59.194416+00:00"
}